Index,User Id,First Name,Last Name,Sex,Email,Phone,Date of birth,Job Title
429,2024429,Dustin,Hudson,Male,fernandezkirsten@example.com,+1-895-041-8709x40343,2019/05/18,Job Title
242,2024242,Bridget,Griffith,Male,jeremyosborne@example.com,001-605-811-2204,1954/02/09,Cybersecurity Analyst
275,2024275,Melody,Jacobson,Male,andre64@example.org,828.725.8358,1954/06/11,Data Analyst
57,2024057,Steve,Donovan,Male,rebekahsantos@example.net,258287997,1935/04/14,Network Engineer
196,2024196,Francisco,Flowers,Female,zachary83@example.net,+1-740-404-4829x6734,1966/09/23,Software Developer
182,2024182,Ernest,Camacho,Female,jennaconway@example.net,1526791903,1964/04/04,Systems Administrator
393,2024393,Bryce,Ball,Female,chelsey42@example.net,001-463-956-2617x8538,2018/04/07,IT Project Manager
360,2024360,Kathryn,Bernard,Female,sarah48@example.com,-2093,1957/08/17,Cloud Solutions Architect
298,2024298,Teresa,Powers,Male,brycehernandez@example.org,(708)774-7454x729,1949/10/29,Database Administrator
154,2024154,Stacie,Cardenas,Female,alejandro24@example.org,(554)048-7817x1840,1950/07/17,AI/Machine Learning Engineer
49,2024049,Chloe,Ramirez,Female,tblack@example.net,355-371-5885x826,1907/07/28,IT Support Specialist
481,2024481,Carmen,Stevenson,Female,perryhubbard@example.org,1215885174,1958/08/12,Cloud Solutions Architect
83,2024083,Eddie,Daniels,Male,woodsjerry@example.org,475.777.8494x2737,1975/06/14,Database Administrator
355,2024355,Eduardo,Rodgers,Female,christyrichards@example.net,(934)434-0536x044,1911/01/30,AI/Machine Learning Engineer
179,2024179,Brittany,James,Male,sanfordmalik@example.net,+1-072-501-2836x748,1946/05/19,IT Support Specialist
365,2024365,Christine,Matthews,Male,pbean@example.org,393-599-5924x2414,1964/01/01,Network Engineer
101,2024101,Laura,Bishop,Male,stoutjennifer@example.org,3696493045,2001/10/13,Software Developer
367,2024367,Ariel,Prince,Female,bhardin@example.org,001-429-361-9801,2003/08/06,Systems Administrator
314,2024314,Mario,Pennington,Male,peggy95@example.org,193-186-9967,2000/12/27,IT Project Manager
430,2024430,Brendan,Gilbert,Female,isaiahlewis@example.com,(269)248-5703,1989/02/26,Cybersecurity Analyst
409,2024409,Marisa,Vance,Male,qmontgomery@example.net,-2769,1975/11/17,Data Analyst
434,2024434,Anne,Garza,Male,ecraig@example.org,028.783.7477x505,1963/01/07,Network Engineer
310,2024310,Dwayne,Vazquez,Male,karlgarcia@example.net,(388)333-7353x8324,2011/06/13,Cybersecurity Analyst
66,2024066,Melinda,Haas,Male,wernermatthew@example.org,3448565378,1983/10/16,Data Analyst
85,2024085,Isaiah,Olson,Female,franciscoshah@example.net,406-298-3045,1974/04/30,Network Engineer
187,2024187,Alan,Randall,Male,bernardamanda@example.com,008.797.7605,1945/08/05,Software Developer
317,2024317,Kristin,Love,Female,chasearthur@example.org,001-588-163-4981x9542,2007/09/04,Systems Administrator
170,2024170,Brittney,Stafford,Male,avilasarah@example.net,+1-043-555-5103x8803,1917/10/13,IT Project Manager
421,2024421,Gabriel,Heath,Female,megangamble@example.com,001-194-635-5597x047,1964/01/25,Cloud Solutions Architect
401,2024401,Henry,Ellis,Female,houseshari@example.net,555.186.4175x684,2001/11/22,Database Administrator
36,2024036,Adrienne,Lambert,Male,marilyn91@example.org,157.425.5345,2019/06/16,AI/Machine Learning Engineer
274,2024274,Dawn,Francis,Female,vharmon@example.org,6567039189,1995/04/12,IT Support Specialist
155,2024155,Shannon,Cochran,Female,qcarter@example.net,479.731.1408x0288,1985/02/20,Cloud Solutions Architect
462,2024462,Cassie,Knapp,Male,lyonssylvia@example.com,773-022-2720,1957/03/20,Database Administrator
364,2024364,Heather,Snyder,Female,micheal66@example.net,(683)029-9498x16512,2010/08/11,AI/Machine Learning Engineer
327,2024327,Bethany,Santos,Male,knoxmaxwell@example.org,001-292-893-9228x7012,1962/11/03,IT Support Specialist
61,2024061,Lance,Bradshaw,Male,pennymeyer@example.org,001-231-320-5609x40384,1974/07/13,Network Engineer
301,2024301,Jasmine,Irwin,Male,schroederjeffrey@example.com,+1-263-695-2606x7586,1949/12/26,Software Developer
380,2024380,Glenn,Graves,Female,jermainewalters@example.net,(742)983-1958x88209,1929/03/27,Systems Administrator
198,2024198,Melody,Clements,Male,christiandarryl@example.org,001-253-274-0802,1980/08/10,CEO
199,2024199,Evan,Howe,Male,huffwyatt@example.com,614.309.7804x6157,1906/06/30,Cybersecurity Analyst
235,2024235,Pamela,Hayden,Female,hherring@example.com,(222)266-2752,2000/01/16,Data Analyst
483,2024483,Elaine,Nichols,Male,kelsey75@example.com,(768)340-5471x37859,1920/01/31,Network Engineer
243,2024243,Curtis,Flores,Female,hunter00@example.com,9626840627,1973/04/08,Software Developer
37,2024037,Seth,Hess,Male,ebranch@example.net,600-706-8696x839,1910/02/21,Systems Administrator
316,2024316,Marc,Owens,Female,vernon03@example.com,678.889.5526x04700,2018/04/04,IT Project Manager
350,2024350,Leah,Benton,Male,cody23@example.net,665.207.8772x57230,2001/01/15,Cloud Solutions Architect
345,2024345,Kari,Brewer,Female,michaelgallegos@example.net,7019789360,1991/12/14,Database Administrator
191,2024191,Tami,Compton,Male,wmacdonald@example.org,(631)637-3650,1915/05/16,AI/Machine Learning Engineer
257,2024257,Norman,Zhang,Male,dickersonjoanna@example.net,1032763274,1982/05/03,IT Support Specialist
205,2024205,Tracie,Baker,Female,zblair@example.org,601-835-5192x63785,1951/01/03,Cloud Solutions Architect
58,2024058,Gina,Little,Female,craig28@example.com,125.219.3673x0076,1954/10/07,Cybersecurity Analyst
271,2024271,Krista,Booker,Male,karina40@example.com,605-274-3835,1909/07/13,Data Analyst
359,2024359,Alvin,Smith,Male,johnathanshields@example.org,80095682,1970/01/21,Network Engineer
244,2024244,Bridget,Ryan,Male,jocelyn96@example.org,579.145.6237x01090,1967/11/04,Software Developer
81,2024081,Yesenia,Key,Male,hreid@example.net,+1-006-497-5864x90856,1988/03/29,Systems Administrator
121,2024121,Brandy,Carpenter,Male,jcraig@example.com,(770)225-7292x865,1990/09/16,IT Project Manager
241,2024241,Jean,Harmon,Female,tstafford@example.com,423-011-4943x091,1914/09/13,Cloud Solutions Architect
168,2024168,Jesus,Sosa,Female,jflores@example.com,001-516-867-8624x6537,2019/10/28,Database Administrator
453,2024453,Clayton,Hale,Female,mitchell97@example.net,432-914-6682,1953/12/01,AI/Machine Learning Engineer
340,2024340,Ariana,Hickman,Male,morganwendy@example.net,(278)093-3663,1948/06/04,IT Support Specialist
65,2024065,Norma,Olson,Female,nealtristan@example.org,826-156-4347x8894,2012/01/17,Cloud Solutions Architect
411,2024411,Maureen,Barrett,Female,cranerick@example.org,657-424-3917x88297,1995/02/18,Database Administrator
432,2024432,Carla,Marshall,Male,maxwell65@example.com,001-877-739-6300x3419,1917/08/23,AI/Machine Learning Engineer
329,2024329,Jay,Perkins,Male,monroeclayton@example.net,715-832-8924,1960/06/18,IT Support Specialist
245,2024245,Mitchell,Boyd,Female,franciscoaguilar@example.com,969-492-9689x6742,1989/11/08,Network Engineer
234,2024234,Leslie,Patel,Male,copelandshaun@example.net,780.016.9045x1922,1907/04/28,Software Developer
454,2024454,Brandon,Campbell,Male,cortezdarin@example.org,271-573-5376x711,1986/03/01,Systems Administrator
386,2024386,Julian,Sherman,Female,zsantana@example.com,907-675-0674,1941/05/02,IT Project Manager
86,2024086,Curtis,Haney,Male,ofletcher@example.com,-4791,1988/01/22,Cybersecurity Analyst
161,2024161,Robyn,Paul,Male,seanmcguire@example.org,-897,1974/06/10,Data Analyst
470,2024470,Jeanne,Mata,Female,fmercado@example.com,540-691-8062x229,1940/02/17,Network Engineer
50,2024050,George,Mercer,Female,douglascontreras@example.net,+1-326-669-0118x4341,1941/09/11,Cybersecurity Analyst
493,2024493,Monica,Fry,Female,clarkeshaun@example.net,001-390-730-5653x49003,1911/03/21,Data Analyst
148,2024148,Joann,Fuller,Male,pstone@example.net,349.036.6379,1919/03/28,Network Engineer
284,2024284,Cheryl,Tucker,Female,caseyanita@example.net,1749251229,1972/08/11,Software Developer
416,2024416,Phillip,Dalton,Male,louissolomon@example.net,(228)076-5172x949,1959/08/07,Systems Administrator
25,2024025,Roger,Sweeney,Female,leblancjohnathan@example.org,-8153,2008/09/09,IT Project Manager
220,2024220,Jennifer,Kane,Female,mallorycantu@example.net,(255)274-8465,2019/02/12,Cloud Solutions Architect
300,2024300,Gary,Blackwell,Male,royjay@example.org,(786)106-0223,1939/08/25,Database Administrator
278,2024278,Clayton,Anderson,Female,doylevictor@example.com,7030930740,2006/08/17,AI/Machine Learning Engineer
54,2024054,Robyn,Reilly,Male,carriecrawford@example.org,207.797.8345x6177,1982/07/27,IT Support Specialist
319,2024319,Angel,Vance,Male,slarson@example.com,649-364-1585,1949/07/25,Cloud Solutions Architect
392,2024392,Angel,Stokes,Male,zdavies@example.net,126-419-8333,1982/08/19,Database Administrator
279,2024279,Desiree,Beltran,Female,mcbridehunter@example.com,+1-044-198-1145x772,1929/08/03,AI/Machine Learning Engineer
142,2024142,Alexa,Washington,Female,garrettgordon@example.net,001-660-127-4590x6546,2004/12/05,IT Support Specialist
439,2024439,Darin,Wu,Female,osilva@example.net,001-357-295-5098,1955/03/20,Network Engineer
157,2024157,Anthony,Briggs,Female,marciamullins@example.org,001-299-317-0247,1951/09/15,Software Developer
23,2024023,Ernest,Oconnell,Male,lanedarius@example.com,-2715,1943/06/09,Systems Administrator
68,2024068,Priscilla,Valenzuela,Male,jsantos@example.net,939.856.5702,1943/03/20,IT Project Manager
41,2024041,Harry,Moore,Female,debbieturner@example.net,+1-932-606-8425x22206,1951/07/19,Cybersecurity Analyst
307,2024307,Kerry,Downs,Male,johnsdawn@example.net,943-245-8254x8788,1906/09/25,Data Analyst
420,2024420,Micheal,Todd,Male,nkane@example.com,479-260-5736x11742,2002/12/19,Network Engineer
339,2024339,Stefanie,Prince,Female,ohorn@example.com,+1-947-012-2217x8447,1968/03/19,Cybersecurity Analyst
194,2024194,Barbara,Bowers,Male,david92@example.org,001-503-801-8804x091,1993/07/30,Data Analyst
140,2024140,Hailey,Aguirre,Male,ygregory@example.net,285.170.3468,1936/05/24,Network Engineer
63,2024063,Yesenia,Harding,Male,robertablackburn@example.com,(752)468-1821x6065,1906/10/28,Software Developer
289,2024289,Judith,Huff,Male,hallwhitney@example.org,701.939.6996,1959/08/05,Systems Administrator
458,2024458,Traci,Duke,Female,perryhoffman@example.org,+1-903-596-0995x489,1997/02/11,IT Project Manager
43,2024043,Rachael,Herrera,Male,msummers@example.net,+1-833-716-3269x028,1927/05/04,Cloud Solutions Architect
192,2024192,Grant,Esparza,Female,levinebianca@example.net,044.291.0252x559,1907/02/16,Database Administrator
368,2024368,Emma,Hinton,Female,nichole84@example.org,416.377.5635x626,1934/03/29,AI/Machine Learning Engineer
56,2024056,Shelby,Cole,Male,kaneaudrey@example.org,663-280-5834,1975/08/18,IT Support Specialist
496,2024496,Alyssa,Cisneros,Female,shelia93@example.net,641.972.7875x334,1972/02/25,Cloud Solutions Architect
39,2024039,Kent,Velez,Male,hammonddestiny@example.org,000-364-9407x55677,2004/05/23,Database Administrator
303,2024303,Stanley,Beard,Male,dalestephens@example.net,001-470-693-4050x95296,1962/06/18,AI/Machine Learning Engineer
98,2024098,Tony,Melendez,Male,riveralaura@example.net,-2840,1924/01/22,IT Support Specialist
449,2024449,Lynn,Cordova,Female,ernestblake@example.net,+1-598-679-0779x4428,1958/12/22,Network Engineer
62,2024062,Mary,Daniels,Male,glencherry@example.org,001-937-255-8809x077,1993/07/31,Software Developer
255,2024255,Nicholas,Glenn,Female,snowedwin@example.net,+1-379-748-4774x27663,1978/07/08,Systems Administrator
459,2024459,Bryan,Dawson,Male,tristan32@example.org,(869)053-4142x60124,1965/08/12,IT Project Manager
230,2024230,Maxwell,Vega,Female,emoyer@example.org,001-005-312-1029x159,2014/09/03,Cybersecurity Analyst
426,2024426,Grace,Bolton,Male,efrey@example.net,-6247,1941/04/30,Data Analyst
203,2024203,Sonia,Parks,Female,betty58@example.com,862-457-9311x766,1919/01/12,Network Engineer
361,2024361,Jamie,Jimenez,Female,reevesphilip@example.net,193-705-1010,1919/12/09,Cybersecurity Analyst
153,2024153,Monique,Mahoney,Female,vholmes@example.com,001-908-915-3254x88513,1915/08/11,Data Analyst
131,2024131,April,Hebert,Male,tammie24@example.org,600.473.3696x9138,1940/02/06,Network Engineer
266,2024266,Kristina,Krueger,Male,fstuart@example.org,3866458129,1935/10/27,Software Developer
75,2024075,Seth,Pratt,Male,lawsonsheri@example.org,+1-153-763-3245x239,1948/04/30,Systems Administrator
250,2024250,Jacqueline,Harper,Male,henry51@example.net,1301630752,1938/01/03,IT Project Manager
94,2024094,Carly,Brooks,Female,fmelendez@example.org,358.163.4148x2319,2006/07/28,Cloud Solutions Architect
106,2024106,Ariana,Potter,Male,malonenina@example.org,001-206-682-7783x4353,1959/12/11,Database Administrator
2,2024002,Jo,Rivers,Female,fergusonkatherine@example.net,-10395,1931/07/26,AI/Machine Learning Engineer
404,2024404,Tanya,Spencer,Female,rodom@example.com,316-841-7176x52474,2002/08/12,IT Support Specialist
24,2024024,Norman,Walton,Female,samanthasummers@example.org,(590)187-8007x273,1973/06/19,Cloud Solutions Architect
414,2024414,Samantha,Barr,Female,qromero@example.net,481.940.8804x068,1920/09/01,Database Administrator
322,2024322,Warren,Harrington,Male,tyler70@example.org,736-844-2429x298,1999/10/25,AI/Machine Learning Engineer
287,2024287,Ralph,Richards,Female,alexa92@example.com,3328594631,1942/01/30,IT Support Specialist
178,2024178,Earl,Yates,Male,malik60@example.com,130.153.8935x98189,1943/01/04,Network Engineer
353,2024353,Randall,Collins,Female,pmcmahon@example.com,000-017-1834x8902,2012/01/31,Software Developer
332,2024332,Hunter,Blair,Female,vcabrera@example.com,463-565-9012,2008/12/29,Systems Administrator
247,2024247,Jonathon,Huynh,Male,logan73@example.com,-10362,1961/09/21,IT Project Manager
71,2024071,Joanna,Doyle,Male,barbaralowe@example.com,757.454.8723x425,1938/04/12,Cybersecurity Analyst
267,2024267,Shaun,Nixon,Male,gilbertgrant@example.com,(818)062-7676,2003/03/01,Data Analyst
214,2024214,Makayla,York,Female,xolson@example.net,772.561.6125,1945/01/30,Network Engineer
500,2024500,Sheena,Baird,Male,vraymond@example.net,026.362.4294,1970/05/25,Software Developer
108,2024108,Beth,Harrington,Male,simmonsbrenda@example.net,001-371-758-0962x02689,1977/01/16,Systems Administrator
246,2024246,Peter,Bruce,Female,max86@example.org,903-121-7928,1996/06/11,IT Project Manager
402,2024402,Kyle,Bartlett,Male,priscilla10@example.net,7361854341,1974/11/16,Cloud Solutions Architect
336,2024336,Jonathan,Molina,Female,cbryant@example.org,269-521-3375x516,2005/05/29,Database Administrator
256,2024256,Shane,Donaldson,Male,cordovacaleb@example.org,862-046-3491x147,2007/01/18,AI/Machine Learning Engineer
210,2024210,Logan,Obrien,Female,theresa29@example.com,(153)089-2350,1990/04/22,IT Support Specialist
249,2024249,Stacie,Barnett,Female,latasha47@example.com,7153164628,1989/02/21,Cloud Solutions Architect
13,2024013,Eddie,Barnes,Female,brandy23@example.com,801.809.9181x37308,1975/02/27,Cybersecurity Analyst
20,2024020,Perry,Mcmahon,Female,allison66@example.net,060-611-9377x90160,2006/11/24,Data Analyst
44,2024044,Vincent,Berger,Female,shannonrandy@example.org,-5558,1907/12/16,Network Engineer
130,2024130,Andrew,Holden,Male,yolanda80@example.com,840.520.0168,1983/10/08,Software Developer
219,2024219,Helen,Maynard,Male,bthornton@example.com,671.841.5883x575,1944/06/15,Systems Administrator
21,2024021,Emily,Travis,Male,jordankelley@example.com,601.838.8295x89942,1933/11/19,IT Project Manager
342,2024342,Jenny,Hurley,Female,balldrew@example.net,+1-460-516-0197x80941,1961/07/04,Cloud Solutions Architect
376,2024376,Robyn,Ferrell,Male,sblevins@example.com,001-452-848-2181x328,2007/03/07,Database Administrator
335,2024335,Daniel,Morris,Female,gillespiebruce@example.org,916-379-5370x9984,1926/05/07,AI/Machine Learning Engineer
30,2024030,Hunter,Hahn,Female,jimsellers@example.com,975-190-7875x3293,1943/02/22,IT Support Specialist
385,2024385,Tommy,Combs,Male,figueroaalice@example.net,204-364-8124,2020/11/19,Cloud Solutions Architect
469,2024469,Elijah,Barnett,Male,hayley69@example.com,187-629-0069x666,1907/03/19,Cloud Solutions Architect
436,2024436,Sydney,Trujillo,Male,gail52@example.net,(179)037-3088x4653,1955/06/10,Cybersecurity Analyst
70,2024070,Alexandria,Mcguire,Female,zalvarado@example.org,861113397,1977/11/05,Data Analyst
184,2024184,Dalton,Chaney,Female,pacevirginia@example.com,(439)390-6223x0153,1951/10/09,Network Engineer
90,2024090,Bethany,Davila,Female,ashley45@example.net,(021)896-7173,1922/08/25,Software Developer
118,2024118,Dana,Higgins,Female,pnielsen@example.org,001-414-299-1667,2020/10/22,Systems Administrator
225,2024225,Kerry,Newman,Male,randall55@example.com,(400)338-9382x0631,1957/09/06,IT Project Manager
422,2024422,Joy,Mercer,Male,tricia97@example.org,7886901348,1955/06/18,Cloud Solutions Architect
80,2024080,Joshua,Grant,Male,ndodson@example.org,974.866.5670,1952/08/23,Database Administrator
167,2024167,Phyllis,Sanchez,Male,ramseymaria@example.com,1196895633,1919/12/06,AI/Machine Learning Engineer
183,2024183,Haley,Hays,Female,iortega@example.org,001-668-870-9328,1976/05/01,IT Support Specialist
228,2024228,Gordon,Hess,Male,yvonne71@example.org,148-019-8226x01837,1912/09/14,Network Engineer
487,2024487,Tanner,Ford,Male,alyssa63@example.com,+1-020-501-5624x8532,1980/01/17,Software Developer
456,2024456,Megan,Roberts,Male,nathaniel50@example.net,(296)560-4606x127,1929/12/21,Systems Administrator
288,2024288,Stefanie,Castillo,Female,holdenanne@example.com,-10110,1924/04/12,IT Project Manager
5,2024005,Lindsey,Rice,Female,elin@example.net,(390)417-1635x3010,1923/04/15,Cybersecurity Analyst
104,2024104,Janet,Heath,Female,nramos@example.org,436.750.6198x86373,1989/12/11,Data Analyst
347,2024347,Kerri,Simpson,Male,sparksrodney@example.net,5341896335,1980/06/24,Network Engineer
358,2024358,Lance,Blankenship,Male,chelsea50@example.com,(793)311-5008,1957/11/03,Cybersecurity Analyst
485,2024485,Blake,Long,Male,navila@example.net,440.831.7052,1922/02/12,Data Analyst
468,2024468,Valerie,Wright,Male,betty69@example.net,576-096-6192x3244,1967/02/03,Network Engineer
28,2024028,Catherine,Nash,Female,nelsonlori@example.org,(322)679-7824,1949/08/03,Software Developer
425,2024425,Scott,Mcmahon,Male,collingillespie@example.com,(787)893-9577x779,1966/02/05,Systems Administrator
52,2024052,Joshua,Carey,Female,dianashepherd@example.net,001-274-739-8470x814,1915/01/07,IT Project Manager
133,2024133,Christina,Carter,Female,joannacastaneda@example.com,371.388.5547x616,1966/10/08,Cloud Solutions Architect
490,2024490,Kellie,Frye,Male,wesleymcknight@example.com,317.051.6578x759,1955/07/06,Database Administrator
491,2024491,Claudia,Leon,Male,brittney08@example.org,(679)692-7198x9109,1931/11/19,AI/Machine Learning Engineer
363,2024363,Earl,Jenkins,Male,rcochran@example.com,+1-893-987-0637x94105,2015/08/25,IT Support Specialist
111,2024111,Victor,Castro,Female,barbara05@example.com,(443)703-9896x46775,1939/10/27,Cloud Solutions Architect
388,2024388,Leonard,Parsons,Female,christinaconner@example.com,-6345,1942/09/07,Database Administrator
217,2024217,Nancy,Arias,Male,melody43@example.net,(500)343-9851x714,2009/08/15,AI/Machine Learning Engineer
424,2024424,Molly,Gutierrez,Female,romangwendolyn@example.org,778.519.8483,1971/11/05,IT Support Specialist
134,2024134,David,Faulkner,Female,costaariel@example.com,001-892-550-0086x088,2010/09/23,Network Engineer
330,2024330,Candace,Case,Female,michael90@example.org,9243744843,1911/07/10,Software Developer
394,2024394,Whitney,Vargas,Female,kirkoliver@example.com,001-729-772-8427,1946/03/04,Systems Administrator
464,2024464,Marcia,Wilcox,Male,aguilarjenna@example.com,883-178-9162x8349,1996/07/27,IT Project Manager
480,2024480,Bob,Park,Male,bromero@example.com,170.090.1757x4281,1982/11/07,Cybersecurity Analyst
369,2024369,Kara,Esparza,Male,cfrancis@example.com,517.501.4960,1943/10/14,Data Analyst
197,2024197,Janice,Daugherty,Female,ireese@example.net,-2858,2015/08/22,Network Engineer
473,2024473,Peggy,Guerrero,Male,joanna72@example.net,(611)951-4635x707,2021/10/22,Cloud Solutions Architect
498,2024498,Logan,Henry,Male,markbenitez@example.com,001-089-880-7839,1962/09/23,Cybersecurity Analyst
46,2024046,Olivia,Duke,Female,diana26@example.net,001-366-475-8607x04350,1934/10/13,Data Analyst
4,2024004,Whitney,Hooper,Male,zjohnston@example.com,-7326,2012/11/17,Network Engineer
222,2024222,Candice,Estes,Male,cliffordbrowning@example.net,+1-932-530-3920x4196,2021/10/24,Software Developer
95,2024095,Dominique,Stevenson,Male,bennettmisty@example.org,(638)229-8203x412,1988/12/09,Systems Administrator
413,2024413,Holly,Manning,Female,vmckinney@example.net,8792929924,1915/06/06,IT Project Manager
313,2024313,Bethany,Walsh,Female,hurstadrian@example.org,+1-302-773-8245x25654,1965/07/30,Cloud Solutions Architect
107,2024107,Dave,Myers,Female,beanfrederick@example.com,064-606-7086,1953/11/17,Database Administrator
152,2024152,Mariah,Huang,Female,timothycastro@example.org,384-805-8385x93679,1964/11/19,AI/Machine Learning Engineer
305,2024305,Tristan,Aguirre,Male,kcarroll@example.org,2526790147,1928/09/10,IT Support Specialist
455,2024455,Haley,Gay,Male,davilaallen@example.org,129-167-7289,1939/05/19,Network Engineer
221,2024221,Danielle,Howard,Female,rodney01@example.net,232-108-8414,1920/04/08,Software Developer
460,2024460,Caitlyn,Wiggins,Female,tschmidt@example.net,991.345.9808,2007/02/24,Systems Administrator
236,2024236,Deanna,Ford,Male,josephkimberly@example.com,001-757-819-4529x63002,1928/08/08,IT Project Manager
60,2024060,Aaron,Page,Male,harrygallagher@example.com,849.500.6331x717,1981/03/11,Cybersecurity Analyst
390,2024390,Anne,Fox,Male,egeorge@example.org,197.767.7821x848,2004/11/18,Data Analyst
371,2024371,Preston,Erickson,Male,hectorchristensen@example.com,712.074.3771x26390,1934/10/29,Network Engineer
175,2024175,Daryl,Koch,Female,ehicks@example.net,121-608-9421,2010/03/11,Cybersecurity Analyst
78,2024078,Hector,Sparks,Female,kendra27@example.com,777.238.3474,1953/06/07,Data Analyst
233,2024233,Anita,Burnett,Male,chelseamendoza@example.com,001-919-880-6698x82822,1970/02/27,Network Engineer
143,2024143,Jorge,Wells,Female,pattersonlatoya@example.net,939.826.3921x144,1908/05/28,Systems Administrator
165,2024165,Christopher,Nixon,Male,blackwellpaige@example.com,(478)900-4374,1999/09/02,IT Project Manager
252,2024252,Caroline,Lindsey,Male,hesscole@example.net,(513)800-9631,1944/11/20,Cloud Solutions Architect
186,2024186,Bradley,Copeland,Female,waltonleonard@example.net,046-790-3722x3553,1984/04/05,Database Administrator
149,2024149,Christopher,Braun,Female,graytami@example.org,-6559,1976/08/24,AI/Machine Learning Engineer
31,2024031,Dakota,Gomez,Male,jadecollier@example.com,(291)853-7982x0123,1914/11/26,IT Support Specialist
176,2024176,Jake,Tate,Male,jorge12@example.com,(186)195-0778x95221,1940/07/12,Cloud Solutions Architect
441,2024441,Jocelyn,Hodge,Female,lvazquez@example.com,179-136-1668,1934/03/11,Database Administrator
218,2024218,Cheryl,Friedman,Female,mdavies@example.net,-9405,1966/09/07,AI/Machine Learning Engineer
92,2024092,Jaclyn,Mclean,Male,zavalamackenzie@example.com,894-297-7449x0521,1982/04/12,IT Support Specialist
262,2024262,Ebony,Ross,Male,jtran@example.net,001-015-685-8433x54909,1957/06/26,Network Engineer
251,2024251,Kara,Bruce,Female,marcowen@example.org,447-321-4820,1937/11/10,Software Developer
84,2024084,Joyce,Abbott,Female,dporter@example.net,673.878.6558x33809,1994/08/29,Systems Administrator
475,2024475,Curtis,Bolton,Female,sherry25@example.com,-8054,1967/07/27,IT Project Manager
346,2024346,Vicki,Park,Male,katie93@example.net,(568)275-6748x2490,1981/06/27,Cybersecurity Analyst
8,2024008,Doris,Andersen,Male,alicia33@example.org,4709522945,2016/12/02,Data Analyst
120,2024120,Julia,Acosta,Male,saradoyle@example.net,907-736-0570,1915/04/29,Network Engineer
158,2024158,Perry,Levine,Male,kirsten46@example.org,126-232-7407x795,1989/03/12,Cybersecurity Analyst
193,2024193,Sherri,Williams,Male,smithjasmine@example.com,025-325-6554,1925/10/18,Data Analyst
435,2024435,Megan,Mcdonald,Male,clarsen@example.net,001-054-248-5728x337,1992/10/13,IT Support Specialist
270,2024270,Bobby,Day,Female,shawn17@example.org,197.437.5363x341,1979/06/14,Cloud Solutions Architect
145,2024145,Derrick,Cook,Male,javierfrench@example.org,001-438-246-2459x25487,2020/08/21,Database Administrator
226,2024226,Lindsey,Kline,Male,megansimpson@example.net,001-505-218-9483x2407,1995/07/11,AI/Machine Learning Engineer
389,2024389,Nina,Giles,Male,mchase@example.com,679-582-1062x14875,1943/01/13,IT Support Specialist
207,2024207,Lonnie,Bernard,Female,tkoch@example.org,720-492-0967x56147,1952/12/09,Network Engineer
19,2024019,Courtney,Jenkins,Female,estesana@example.org,(973)243-9193,1948/01/20,Software Developer
295,2024295,Lacey,Casey,Male,bennettjoseph@example.com,001-950-937-3674x3504,1979/11/07,Systems Administrator
79,2024079,Colin,Conley,Female,glenn29@example.net,717.061.0941,1938/11/29,IT Project Manager
200,2024200,Terrance,Rowe,Male,schroederduane@example.org,001-893-212-6379,2004/07/22,Cybersecurity Analyst
311,2024311,Chelsey,Singh,Male,braunstanley@example.org,(766)644-1565x07376,1987/05/07,Systems Administrator
302,2024302,Angie,Munoz,Female,karlpotter@example.net,001-772-944-6336x168,1984/09/26,IT Project Manager
495,2024495,Tasha,Lamb,Female,darryl45@example.net,161.061.1526x49903,1972/01/18,Cloud Solutions Architect
377,2024377,Marie,Taylor,Male,adrian94@example.org,(193)251-1665x457,1972/05/29,Database Administrator
55,2024055,Christina,Conrad,Male,fuentesclaudia@example.net,001-599-042-7428x143,1998/01/06,AI/Machine Learning Engineer
452,2024452,Christian,Zuniga,Female,bryantbreanna@example.net,070.456.0525x745,2001/01/11,IT Support Specialist
146,2024146,Teresa,Page,Male,lnash@example.org,001-644-806-9491x2925,2015/12/23,Cloud Solutions Architect
237,2024237,Bonnie,Hammond,Male,herbertreynolds@example.org,(083)117-8077x469,2000/06/13,Database Administrator
216,2024216,Christian,Mosley,Male,anthonyalexa@example.net,+1-294-763-6641x9199,1945/11/20,AI/Machine Learning Engineer
442,2024442,Susan,Joseph,Female,carrollpaula@example.org,373-024-3426,1968/01/29,IT Support Specialist
15,2024015,Priscilla,Davis,Male,latasha46@example.org,903.545.8947,2014/03/16,Network Engineer
156,2024156,Peggy,Odom,Male,leah97@example.com,+1-499-039-0998x2391,1929/05/25,Software Developer
476,2024476,Candice,Cervantes,Male,fpowell@example.net,(021)972-2970x7765,1978/03/04,Systems Administrator
139,2024139,Nathan,Glenn,Male,bentontroy@example.com,-8769,1952/03/21,IT Project Manager
294,2024294,Leon,Guerrero,Male,hbright@example.net,586.034.1297,1924/02/22,Cybersecurity Analyst
272,2024272,Isaiah,Hood,Male,ian42@example.com,(091)991-5163,2012/08/08,Data Analyst
173,2024173,Alex,Stewart,Male,rcosta@example.net,(889)413-9131x24202,1976/05/25,Network Engineer
299,2024299,Stacy,Roach,Female,margaretlane@example.org,027-908-7316x725,1978/01/08,Cybersecurity Analyst
195,2024195,Sherry,Maldonado,Male,cassidy66@example.org,001-122-269-2914x480,1956/11/23,Data Analyst
224,2024224,Annette,Santos,Female,jadethompson@example.com,068-947-7736,1949/09/15,Network Engineer
309,2024309,Steven,Decker,Female,tgibson@example.net,697-507-8931,2015/09/14,Software Developer
29,2024029,Corey,Delgado,Male,phillip27@example.net,989.482.6130x996,2014/06/05,Cybersecurity Analyst
93,2024093,Stephanie,Donovan,Male,mandyvillarreal@example.com,5419583323,2012/08/02,Data Analyst
91,2024091,Ariel,Blankenship,Female,baileyblake@example.net,412659505,1973/01/21,Network Engineer
180,2024180,Wanda,Alvarado,Female,carolyn22@example.net,001-112-893-2280x858,1981/07/09,Software Developer
209,2024209,Grace,Mckenzie,Male,lawsonroger@example.org,232-541-3203x6916,1973/09/11,Systems Administrator
269,2024269,William,Ingram,Female,pcurtis@example.com,806.073.4010,1926/01/18,IT Project Manager
253,2024253,Meagan,Salazar,Male,mmeadows@example.com,558.587.7098,1929/07/27,Cloud Solutions Architect
162,2024162,Miguel,Leblanc,Female,whitney63@example.org,006-051-5517,1982/03/19,Database Administrator
492,2024492,Evan,Logan,Female,shermanlacey@example.net,303.083.3066,1920/01/20,AI/Machine Learning Engineer
457,2024457,Kathleen,Lang,Female,awhitaker@example.net,921.542.7766,2021/08/09,IT Support Specialist
285,2024285,Beverly,Clarke,Female,smolina@example.com,1659563807,1978/11/30,Cloud Solutions Architect
248,2024248,Connie,Myers,Male,dwayne93@example.org,+1-134-079-4122x3916,1992/06/27,Database Administrator
268,2024268,Anthony,Wallace,Male,ritarice@example.com,001-179-132-1603x752,2021/11/10,AI/Machine Learning Engineer
419,2024419,Gregg,Hurst,Male,edwarddennis@example.org,027.309.9261x686,1940/12/23,IT Support Specialist
53,2024053,Rickey,Hobbs,Female,ingramtiffany@example.org,241.179.9509x498,1910/07/01,Network Engineer
6,2024006,Sherry,Caldwell,Male,kaitlin13@example.net,8537800927,1917/08/06,Software Developer
38,2024038,Stefanie,Sherman,Male,rickeykelley@example.com,557-620-5663,1966/10/26,Systems Administrator
82,2024482,Dawn,Hickman,Female,ruth92@example.com,001-331-453-1563x2715,1984/11/05,IT Support Specialist
423,2024423,Karen,Brown,Female,cbenson@example.net,628.117.2792x092,1999/05/26,Cybersecurity Analyst
135,2024135,Willie,Arellano,Female,owensmeghan@example.com,+1-029-184-8369x33344,1959/08/01,Data Analyst
343,2024343,Ryan,Ward,Female,randall14@example.org,001-250-675-6940x85289,1960/04/06,Network Engineer
232,2024232,Charlene,Schwartz,Male,jonathoncarroll@example.net,(654)360-0206,1945/11/23,Cybersecurity Analyst
123,2024123,Roger,Beasley,Male,oochoa@example.com,8399917932,1968/01/29,Data Analyst
440,2024440,Tracey,Hurley,Male,christiewilkins@example.net,(071)825-3776x427,1996/01/02,Network Engineer
406,2024406,Lydia,Alexander,Female,christiemacdonald@example.net,(146)647-9813x47911,1991/07/11,Software Developer
378,2024378,Cameron,Gray,Male,vicki49@example.org,(997)042-7826,1930/04/10,Systems Administrator
375,2024375,Phyllis,Strickland,Male,edgar84@example.com,(498)216-2789x8582,2002/06/03,IT Project Manager
444,2024444,Emma,Caldwell,Male,fryrita@example.org,(720)107-5417x0679,1951/08/20,Cloud Solutions Architect
362,2024362,Francisco,Hutchinson,Female,kayla48@example.net,6556708415,1960/04/24,Database Administrator
1,2024001,Shelia,Mahoney,Male,pwarner@example.org,857.139.8239,2014/01/27,AI/Machine Learning Engineer
431,2024431,Cory,Forbes,Male,colonglenn@example.net,406-043-4594x5418,1985/11/10,IT Support Specialist
408,2024408,Summer,Escobar,Male,kelseyholden@example.com,221-605-4196,1909/09/19,Cloud Solutions Architect
100,2024100,Matthew,Yoder,Female,druiz@example.org,702.591.8573,1993/06/17,Database Administrator
263,2024263,Lucas,Hess,Male,weeksdevin@example.org,721.978.6128x8184,2019/11/03,AI/Machine Learning Engineer
348,2024348,Raven,Moore,Male,klinecody@example.com,(583)649-1693x8409,1967/07/11,IT Support Specialist
204,2024204,Curtis,Zamora,Male,isaiah96@example.org,473-759-5577x515,1915/07/24,Network Engineer
292,2024292,Tricia,Chandler,Female,katrinamacias@example.net,(288)206-2798,1952/08/06,Software Developer
447,2024447,Karla,Shelton,Male,francislowe@example.com,(832)103-0696x48404,1964/08/19,Systems Administrator
169,2024169,Maurice,Hodge,Female,micheal55@example.org,179-217-2547,1930/11/01,IT Project Manager
286,2024286,Kerri,Morris,Male,valdezbrooke@example.net,451.369.8716,2011/06/30,Cybersecurity Analyst
427,2024427,Kerry,Andersen,Male,stronghector@example.org,838.970.5884,1965/05/25,Data Analyst
370,2024370,Erika,Cruz,Male,cjimenez@example.com,-6426,1963/05/09,Network Engineer
7,2024007,Ernest,Hoffman,Male,jeffharvey@example.com,093.655.7480x7895,1984/12/22,Software Developer
33,2024033,Marco,Reyes,Male,ramosjonathon@example.org,(977)846-8023,1965/07/28,Systems Administrator
297,2024297,Phillip,Morales,Male,cshaw@example.net,(047)032-2027x3605,1981/12/13,IT Project Manager
112,2024112,Samantha,Harris,Male,wthompson@example.com,948-848-5407x6058,1965/07/17,Cloud Solutions Architect
488,2024488,Louis,Hayden,Female,wvasquez@example.org,(523)377-8571x2287,1945/11/15,Database Administrator
379,2024379,Calvin,Gilbert,Female,dustinclayton@example.org,001-085-594-4559x872,1945/04/16,AI/Machine Learning Engineer
399,2024399,Roberto,Yu,Male,barbaragreene@example.org,284.011.6269x7372,1910/07/17,IT Support Specialist
89,2024089,Tom,Mccarty,Female,thomasjefferson@example.com,+1-008-555-9017x5699,1967/04/20,Cloud Solutions Architect
190,2024190,Tristan,Morton,Female,terrance57@example.com,1053648903,1959/05/21,Cybersecurity Analyst
96,2024096,Doris,Holmes,Female,nguyentonya@example.net,7631450835,1973/12/10,Data Analyst
17,2024017,Nicolas,Mckinney,Male,twilkinson@example.com,244-054-8521x1913,1951/07/04,Network Engineer
403,2024403,Ricky,Fitzpatrick,Female,renee45@example.com,222.092.5549,1952/06/20,Software Developer
463,2024463,Nathaniel,Shaffer,Female,marcusmadden@example.org,4019101915,1942/04/13,Systems Administrator
261,2024261,Taylor,Benton,Male,alvin05@example.org,+1-329-571-4597x143,1914/06/06,IT Project Manager
478,2024478,Jay,Lawson,Male,yesenia63@example.net,001-294-785-3161x10900,1996/07/13,Cloud Solutions Architect
467,2024467,Max,Madden,Male,staceyallison@example.org,+1-259-648-9564x073,1975/05/17,Database Administrator
202,2024202,Jimmy,Wiggins,Male,randallcarol@example.net,343-440-2890x2649,2005/08/21,AI/Machine Learning Engineer
3,2024003,Sheryl,Lowery,Female,fhoward@example.org,(599)782-0605,2013/11/25,IT Support Specialist
137,2024137,Alexandria,Burgess,Male,franklinnoah@example.com,(033)223-1221x741,1952/05/20,Cloud Solutions Architect
451,2024451,Diane,Patel,Male,marco98@example.org,-8212,1930/02/11,Database Administrator
373,2024373,Gilbert,Lin,Female,louisgould@example.org,614.800.0257x53837,1910/09/07,AI/Machine Learning Engineer
372,2024372,Brittney,Norris,Male,albert29@example.com,771-157-8817x42260,1926/12/02,IT Support Specialist
349,2024349,Darryl,Barton,Female,danielskim@example.com,309854071,1922/12/29,Network Engineer
484,2024484,Ross,Carrillo,Male,bknapp@example.net,-2152,1907/01/19,Software Developer
87,2024087,Devon,Henry,Female,brandy99@example.net,(839)224-3577,1982/09/20,Systems Administrator
321,2024321,Emily,Good,Female,lincindy@example.com,4340260358,2014/10/17,IT Project Manager
415,2024415,Hailey,Pena,Male,castrocalvin@example.net,231.412.1068,1984/09/18,Cybersecurity Analyst
76,2024076,Amy,Payne,Male,gibsonjames@example.com,549.897.3335,2011/08/22,Data Analyst
166,2024166,Mackenzie,Cantrell,Male,deniseromero@example.net,315.251.1410x1611,1984/04/23,Network Engineer
103,2024103,Roberta,Hodge,Male,kfoley@example.com,+1-997-465-0335x4485,1922/04/29,Cybersecurity Analyst
443,2024443,Whitney,Burke,Female,carlrosales@example.com,2979077002,1927/05/01,Data Analyst
410,2024410,Gabrielle,Fritz,Female,gene66@example.com,(694)789-6740x4269,1926/03/02,Network Engineer
290,2024290,Benjamin,Ramsey,Male,hbeltran@example.com,(873)889-9471,1981/12/17,Software Developer
258,2024258,Pamela,Hutchinson,Female,marczimmerman@example.org,183.881.9355x2468,1942/07/25,Systems Administrator
240,2024240,Olivia,Austin,Male,ogood@example.net,654.298.3926x2751,1955/04/04,IT Project Manager
400,2024400,Debbie,Lozano,Male,debbie77@example.net,001-897-602-1941x969,1994/07/13,Cloud Solutions Architect
189,2024189,Daryl,Newman,Female,imccann@example.org,001-445-245-4728,1966/05/07,Database Administrator
489,2024489,Lonnie,Meza,Male,cwilkins@example.net,+1-709-051-7668x51394,1965/09/24,AI/Machine Learning Engineer
128,2024128,Autumn,Davis,Female,sierrabrock@example.com,(074)697-9276x0345,1929/11/25,IT Support Specialist
144,2024144,Oscar,Camacho,Female,albertstanton@example.net,853.032.2083,1910/08/23,Cloud Solutions Architect
231,2024231,Geoffrey,Lawrence,Female,mcross@example.net,001-339-180-2004,1939/02/22,Database Administrator
159,2024159,Denise,Hahn,Male,alexagraves@example.com,580-805-3548x8579,1915/04/05,AI/Machine Learning Engineer
494,2024494,Caleb,Nguyen,Female,janice77@example.com,(370)809-0651x2330,1949/04/23,IT Support Specialist
77,2024077,Vickie,Mccoy,Male,costacameron@example.net,9183232835,1992/09/14,Network Engineer
136,2024136,Traci,Sosa,Male,mckinneyelijah@example.org,954.146.7056,1985/12/18,Software Developer
428,2024428,Xavier,Johnston,Male,yparks@example.org,281-872-8168x51705,1995/03/17,Systems Administrator
69,2024069,Karla,Steele,Female,gwendolyn67@example.org,+1-153-975-9160x54877,1939/05/09,IT Project Manager
16,2024016,Carly,Abbott,Female,stricklandomar@example.org,(416)979-0633x058,2007/10/27,Cybersecurity Analyst
215,2024215,Jo,Olsen,Female,kbraun@example.org,782.372.6746x2582,2019/11/05,Data Analyst
206,2024206,Eugene,Richmond,Female,xmontgomery@example.com,-8450,1993/11/26,Network Engineer
22,2024022,Meghan,Hawkins,Male,ehatfield@example.com,668.063.9568x7257,1974/08/21,Cybersecurity Analyst
391,2024391,Mandy,Green,Male,jesushowell@example.com,001-597-675-6361x0485,1915/09/03,Data Analyst
59,2024059,Connie,Dawson,Female,connercourtney@example.net,650-748-3069x64529,1979/07/21,Network Engineer
254,2024254,Jamie,Logan,Female,diane97@example.org,(005)405-6818x9500,1964/06/05,Software Developer
438,2024438,Randy,Bowen,Male,marie87@example.org,928.007.5065x989,1992/12/20,Systems Administrator
35,2024035,Bryan,Vaughn,Male,fhughes@example.org,5642635347,1964/04/18,IT Project Manager
113,2024113,Priscilla,Bean,Male,galvanamanda@example.net,976.976.4060x497,1949/09/29,Cloud Solutions Architect
32,2024032,Nathaniel,Clarke,Female,george75@example.org,(984)863-5741x7054,1910/11/23,Database Administrator
34,2024034,Todd,Weber,Male,hessrachel@example.com,526-208-4712x10329,2019/11/30,AI/Machine Learning Engineer
296,2024296,Yesenia,Petty,Male,braychad@example.net,+1-724-289-2580x837,1963/02/13,IT Support Specialist
418,2024418,Sarah,Ayers,Male,maria81@example.org,508-621-1649x47242,2018/09/28,Cloud Solutions Architect
97,2024097,Joe,Acevedo,Male,lori87@example.net,1289379504,1974/09/10,Database Administrator
497,2024497,Seth,Bullock,Female,joann83@example.org,027-061-5404,1920/08/15,AI/Machine Learning Engineer
280,2024280,Yvette,Webster,Male,sonya26@example.com,795-860-8920,2006/08/14,IT Support Specialist
116,2024116,Diane,Small,Female,cuevasyesenia@example.com,(918)520-3208x3647,1995/01/10,Network Engineer
160,2024160,Thomas,Bruce,Female,curtisfrancisco@example.net,001-521-112-6517x8064,1954/10/04,Software Developer
201,2024201,Stephanie,Nunez,Female,kaitlynwoodward@example.com,255.317.6663,1914/11/04,Systems Administrator
293,2024293,Zachary,Nixon,Female,claudiayoung@example.com,333-779-8097x2347,1986/09/12,IT Project Manager
461,2024461,Mary,Salinas,Female,kirstenkelly@example.net,(630)092-6365x346,1985/11/03,Cybersecurity Analyst
14,2024014,Ralph,Lowe,Female,dleon@example.org,+1-511-127-6660x230,1938/04/10,Data Analyst
465,2024465,Jose,Webb,Female,hayley94@example.net,(369)212-7750x511,1950/01/30,Network Engineer
405,2024405,Francis,Walter,Female,fflores@example.net,498.831.3862,1960/08/20,Cybersecurity Analyst
211,2024211,Katrina,Duke,Female,robin78@example.com,740.434.0212,1935/09/21,Data Analyst
326,2024326,Brittney,May,Female,ocochran@example.org,(731)154-7011x27829,1980/07/15,Network Engineer
259,2024259,Yolanda,Stanton,Male,cookeannette@example.net,149.501.1590x5315,1908/05/17,Software Developer
171,2024171,Dalton,Butler,Female,tonystuart@example.org,+1-129-561-0470x850,1952/05/13,Systems Administrator
42,2024042,Kristopher,Barnes,Male,frederick54@example.org,341.096.2708x237,1950/02/23,IT Project Manager
445,2024445,Valerie,Koch,Male,nwallace@example.net,950.637.4269,1911/03/15,Cloud Solutions Architect
64,2024064,Shane,Reyes,Female,jacquelinephelps@example.org,246-500-3955,1956/02/11,Database Administrator
147,2024147,Randy,Tanner,Female,shellycain@example.org,911-487-0373x8825,1996/03/12,AI/Machine Learning Engineer
437,2024437,Regina,Mclaughlin,Female,daisybailey@example.net,876.690.3205x085,2006/02/20,IT Support Specialist
306,2024306,Jessica,Stokes,Male,millerharry@example.com,001-533-240-1695x679,1945/08/24,Cloud Solutions Architect
164,2024164,Madeline,Leach,Male,xcaldwell@example.com,001-701-137-1053x17874,2002/06/25,Database Administrator
381,2024381,Jeff,Olsen,Female,shepherdallen@example.net,211-241-9990,1981/06/04,AI/Machine Learning Engineer
407,2024407,Jessica,Chambers,Male,mark07@example.com,566.253.5450,1923/02/01,IT Support Specialist
117,2024117,Karl,Floyd,Male,franklincarroll@example.org,001-017-417-0832x943,1937/10/03,Network Engineer
185,2024185,Drew,Sanchez,Male,hartelaine@example.org,904-206-6562x5727,1908/03/03,Software Developer
67,2024067,Darrell,Fuller,Male,shannonmahoney@example.org,173701718,1940/10/23,Systems Administrator
352,2024352,Robert,Montgomery,Female,anita65@example.com,(113)014-7831x9464,1969/05/04,IT Project Manager
18,2024018,Natasha,Macias,Female,dorothymeza@example.com,(929)366-8549x3587,1971/10/31,Cybersecurity Analyst
223,2024223,Renee,Alvarado,Female,louis68@example.org,001-617-904-1011x95460,1922/03/23,Data Analyst
334,2024334,Micheal,Booker,Male,traceyrice@example.org,132.838.1663x38051,1976/04/04,Network Engineer
281,2024281,Albert,Cross,Male,vsoto@example.com,987-424-9440x903,1906/12/27,Software Developer
315,2024315,Deborah,Benjamin,Male,eross@example.org,(488)295-3387x30397,1956/10/30,Systems Administrator
138,2024138,Manuel,Castro,Male,michellefranco@example.org,-9983,1949/05/23,IT Project Manager
72,2024072,Lydia,Neal,Female,jeffrey19@example.org,632.827.2115,1939/09/12,Cloud Solutions Architect
354,2024354,Stacie,Archer,Female,paynescott@example.net,995-193-0690,1980/08/13,Database Administrator
448,2024448,Marisa,Snyder,Male,bradshawpamela@example.org,+1-444-787-8629x309,2003/08/24,AI/Machine Learning Engineer
333,2024333,Phillip,Barnes,Female,ferrellamanda@example.org,203-841-2499,1917/02/23,IT Support Specialist
398,2024398,Bradley,Douglas,Male,ymunoz@example.org,838-094-8445x4980,1921/10/21,Cloud Solutions Architect
387,2024387,Fernando,Carpenter,Female,justincombs@example.com,001-642-984-5062x89151,1989/10/25,Cybersecurity Analyst
282,2024282,Kara,Gamble,Male,paynetamara@example.org,+1-740-899-7655x05268,1998/06/16,Data Analyst
12,2024012,Sara,Huff,Male,kristy41@example.net,+1-041-859-3844x272,1964/05/21,Network Engineer
312,2024312,Alex,Newton,Female,jerryhenson@example.net,061.212.6336,1941/06/12,Software Developer
27,2024027,Catherine,Myers,Male,sara05@example.org,(614)275-6966x22597,2007/08/22,Systems Administrator
325,2024325,Hector,Fritz,Male,shutchinson@example.org,093.258.2270,2013/10/11,IT Project Manager
337,2024337,Kirk,Norton,Female,hahnroberto@example.org,825.175.3063x06412,1923/04/07,Cloud Solutions Architect
238,2024238,Debra,Byrd,Male,carolmelton@example.net,226.013.9961,2010/01/24,Database Administrator
265,2024265,Ernest,Wong,Male,hornmackenzie@example.net,(943)444-8724,1975/04/01,AI/Machine Learning Engineer
99,2024099,Lydia,Vargas,Male,carly49@example.com,(656)329-5478,1948/03/06,IT Support Specialist
366,2024366,Kaylee,Dixon,Female,brendanstewart@example.net,(127)899-0101,1986/07/04,Cloud Solutions Architect
397,2024397,Grant,Morrison,Female,edward48@example.org,603-124-4407x470,1906/12/29,Cloud Solutions Architect
73,2024073,Darryl,Meyer,Male,robynwoodard@example.org,464-501-0971x93579,1995/05/10,Cybersecurity Analyst
499,2024499,Mark,Bishop,Male,gabrielgarcia@example.net,572.730.5436x9018,1976/08/08,Data Analyst
124,2024124,Albert,Tyler,Male,careyteresa@example.com,989.634.0396,2000/03/21,Network Engineer
229,2024229,Bruce,Pineda,Male,ericksonbob@example.org,001-553-768-2080,1997/04/29,Software Developer
320,2024320,Tasha,Stout,Male,russojeremy@example.org,(483)808-6506,1988/01/09,Systems Administrator
141,2024141,Arthur,Lyons,Female,gmckee@example.org,+1-000-117-8461x20805,1974/08/10,IT Project Manager
10,2024010,Harry,Mitchell,Male,lanechristina@example.net,(560)903-5068x4985,1953/06/29,Cloud Solutions Architect
466,2024466,Drew,Valentine,Female,sandra27@example.com,001-867-462-6437x986,1943/12/09,Database Administrator
48,2024048,Judith,Wall,Female,marvinmolina@example.org,353.983.3416,1985/12/25,AI/Machine Learning Engineer
109,2024109,Diamond,Spence,Male,hrogers@example.org,461-212-2090x4522,1962/04/08,IT Support Specialist
395,2024395,Natalie,Grimes,Male,preston37@example.net,(681)509-1787,2008/12/27,Network Engineer
304,2024304,Mary,Donaldson,Female,collinlara@example.net,(223)537-4201,1965/02/03,Software Developer
486,2024486,Johnny,Phillips,Male,francis02@example.org,1037883254,1948/03/30,Systems Administrator
105,2024105,Taylor,Paul,Male,hector24@example.net,-10455,1946/02/12,IT Project Manager
477,2024477,Rodney,Obrien,Female,hardinross@example.net,338-742-1755x20799,1931/10/01,Cybersecurity Analyst
341,2024341,Lydia,Torres,Female,cherylmcmillan@example.org,(815)610-5096x2795,1955/03/03,Data Analyst
412,2024412,Cody,Arnold,Female,glovermike@example.com,534.256.6123x51204,1955/06/08,Network Engineer
356,2024356,Robert,Avila,Male,judithpotts@example.com,417-175-6316,1944/04/14,Cybersecurity Analyst
213,2024213,Perry,Rollins,Male,hebertmike@example.org,001-568-534-7273x8143,1975/04/14,Data Analyst
273,2024273,Gilbert,Church,Female,bruce35@example.com,001-417-776-1663x831,1971/07/15,Network Engineer
417,2024417,Maria,Downs,Male,christopher66@example.com,(683)156-5726,1979/04/29,Software Developer
396,2024396,Vickie,Velez,Male,danielroberson@example.com,+1-708-912-3443x0302,1978/03/04,Systems Administrator
344,2024344,Aimee,Bridges,Male,jbautista@example.com,7342847803,1960/03/23,IT Project Manager
450,2024450,Sydney,Leonard,Male,jason39@example.org,001-254-370-5353,1977/05/28,Cloud Solutions Architect
177,2024177,Luke,Fletcher,Female,ravensimmons@example.net,(235)702-5980x885,1927/05/16,Database Administrator
227,2024227,Dominic,Buchanan,Male,angelica52@example.org,079.562.5967x89842,1914/06/17,AI/Machine Learning Engineer
127,2024127,Margaret,Carr,Male,kara78@example.com,392.522.2649x43694,1990/08/09,IT Support Specialist
351,2024351,Bernard,Schroeder,Male,walter74@example.net,950.519.1474x5235,1943/07/17,Cloud Solutions Architect
102,2024102,Vernon,Terry,Male,haysmario@example.net,343-058-6684,1960/08/13,Database Administrator
114,2024114,Erica,Atkins,Female,bradycain@example.org,743-835-6511,2018/08/01,AI/Machine Learning Engineer
472,2024472,Linda,Patterson,Male,tamiblair@example.org,169.475.4021x656,1989/06/29,IT Support Specialist
323,2024323,Julian,Camacho,Male,traceyhiggins@example.org,(328)712-6257x1223,1976/01/06,Network Engineer
125,2024125,Tracie,Mooney,Female,nicolas31@example.com,291.587.2513x569,2016/02/06,Software Developer
9,2024009,Cheryl,Mays,Male,jake50@example.com,013.820.4758,2012/12/16,Systems Administrator
264,2024264,Alan,Nixon,Female,gabrielarosario@example.com,+1-506-126-5723x259,1992/11/21,IT Project Manager
283,2024283,Yolanda,Miller,Male,pfrye@example.org,(997)139-9531x88690,1978/12/14,Cybersecurity Analyst
474,2024474,Tracey,George,Male,dorothyhaas@example.org,345-071-0901,1931/08/06,Data Analyst
129,2024129,Christina,Hendrix,Female,cchandler@example.org,283.514.2546,1963/02/09,Network Engineer
328,2024328,Vicki,Mitchell,Male,deborah98@example.com,001-931-175-0300x6963,1965/03/22,Cybersecurity Analyst
119,2024119,Neil,Sawyer,Male,angiecosta@example.com,-9961,1961/03/22,Data Analyst
331,2024331,Valerie,Welch,Female,iortiz@example.net,001-607-800-4979x96494,1918/06/07,Network Engineer
212,2024212,Katherine,Bolton,Male,tsullivan@example.org,001-574-087-2726x7850,1969/11/30,Software Developer
174,2024174,Jenny,Nash,Female,mhall@example.org,879.292.7765,2022/01/26,Systems Administrator
172,2024172,Russell,Zamora,Female,isaac99@example.org,+1-720-651-9038x59082,1968/10/29,IT Project Manager
479,2024479,Shawn,Hogan,Female,bfreeman@example.net,+1-263-115-1291x70186,1996/10/22,Cloud Solutions Architect
382,2024382,Wyatt,Monroe,Male,btaylor@example.com,(941)198-6784x51878,1929/03/01,Database Administrator
11,2024011,Casey,Ayala,Male,ncantu@example.com,8629884096,2020/04/17,AI/Machine Learning Engineer
239,2024239,Sharon,Torres,Male,gary51@example.org,75514069,1911/09/28,IT Support Specialist
384,2024384,Susan,Fritz,Male,shane47@example.org,4942716417,2021/09/17,Cloud Solutions Architect
40,2024040,Angela,Huff,Male,anitamckenzie@example.net,(116)776-0713x4684,1922/09/16,Database Administrator
122,2024122,Darren,Manning,Female,ocurtis@example.org,(278)176-8091x59960,1979/08/08,AI/Machine Learning Engineer
74,2024074,Alice,Harding,Male,hickmanapril@example.org,(192)564-7672,1977/06/14,IT Support Specialist
110,2024110,Timothy,Weeks,Male,smiranda@example.net,5528746828,1971/01/12,Network Engineer
324,2024324,Edward,Powers,Male,jbenjamin@example.com,+1-044-835-4404x483,2008/05/20,Software Developer
47,2024047,Erik,Rosales,Female,alejandro41@example.net,(412)388-9715,2019/05/06,Systems Administrator
26,2024026,Ethan,Wu,Male,jay82@example.net,972.064.3833x5347,2018/07/17,IT Project Manager
150,2024150,Malik,Summers,Male,lynn40@example.org,+1-584-890-5151x25199,2022/03/28,Cybersecurity Analyst
188,2024188,Angelica,Hull,Male,dpennington@example.com,864.444.3451x06208,2013/08/11,Data Analyst
433,2024433,Tracy,Jarvis,Female,slevy@example.org,+1-938-842-1157x84286,1964/04/11,Network Engineer
45,2024045,Don,Bolton,Male,kkey@example.net,001-313-023-3603x2485,1985/12/28,Cybersecurity Analyst
291,2024291,Pamela,Dean,Female,randyhogan@example.org,6119355874,1946/02/11,Data Analyst
357,2024357,Jermaine,Michael,Female,meghan13@example.com,102-357-5047x964,1937/02/16,Network Engineer
308,2024308,Megan,Owen,Female,cpeck@example.net,386-935-3146,1921/08/18,Software Developer
383,2024383,Gina,Leon,Female,joywhite@example.com,(447)170-2766,1987/01/20,Systems Administrator
163,2024163,Laura,Rice,Male,tharmon@example.net,674-990-9161x259,1989/02/18,IT Project Manager
471,2024471,Sylvia,Cisneros,Female,perezdana@example.net,(562)770-0620x070,1914/12/31,Cloud Solutions Architect
277,2024277,Allison,Walls,Male,ithomas@example.org,+1-831-337-4453x69562,1938/10/02,Database Administrator
446,2024446,Kiara,Miranda,Female,alvarezamber@example.net,266.302.9944x37292,1920/08/26,AI/Machine Learning Engineer
338,2024338,Kurt,Liu,Male,ross34@example.org,+1-117-851-1795x26956,1970/11/26,IT Support Specialist
126,2024126,Tim,Ponce,Female,sblair@example.net,001-183-061-5706,1923/09/04,Cloud Solutions Architect
88,2024088,Jordan,Long,Male,scottspence@example.com,-7461,1913/01/21,Database Administrator
51,2024051,Jo,Zavala,Male,pamela64@example.net,001-859-448-9935x54536,1992/11/23,AI/Machine Learning Engineer
82,2024082,Meghan,Humphrey,Female,parrishbenjamin@example.net,890-134-1311,1962/09/27,IT Support Specialist
374,2024374,Jose,Deleon,Female,francesbeltran@example.com,566.226.6794x994,1969/05/14,Network Engineer
132,2024132,Peter,Long,Male,terrance42@example.com,658.589.4668x5099,1988/06/12,Software Developer
208,2024208,Alan,Shaffer,Male,fitzpatrickwhitney@example.net,422-538-3403x6546,1938/10/04,Systems Administrator
115,2024115,Tonya,Blankenship,Female,summer68@example.org,001-385-949-1206x66591,1926/09/30,IT Project Manager
318,2024318,Frederick,Villegas,Female,pamlozano@example.net,416-187-9026,1927/08/18,Cybersecurity Analyst
181,2024181,Mckenzie,Beltran,Male,tgiles@example.com,670.842.1891,1914/12/11,Data Analyst
276,2024276,Edgar,Ball,Male,yvalenzuela@example.org,001-564-357-3811x48845,1975/04/05,Network Engineer
260,2024260,Phillip,Valencia,Male,fliu@example.com,(215)931-0545x23557,2006/12/05,Software Developer
151,2024151,Kristi,Sims,Female,starkbrandon@example.org,130-033-4673x91152,1967/01/03,Systems Administrator
